<?xml version="1.0" encoding="UTF-8"?><artifacts>
    <artifact name="DeadLetterChannelProxy" groupId="com.example.Dead-Letter-Channel.proxy-service" version="1.0.0" type="synapse/proxy-service" serverRole="EnterpriseServiceBus">
        <file>src/main/synapse-config/proxy-services/DeadLetterChannelProxy.xml</file>
    </artifact>
    <artifact name="SimpleStockQuoteService" groupId="com.example.Dead-Letter-Channel.endpoint" version="1.0.0" type="synapse/endpoint" serverRole="EnterpriseServiceBus">
        <file>src/main/synapse-config/endpoints/SimpleStockQuoteService.xml</file>
    </artifact>
    <artifact name="dlc-store" groupId="com.example.Dead-Letter-Channel.message-store" version="1.0.0" type="synapse/message-store" serverRole="EnterpriseServiceBus">
        <file>src/main/synapse-config/message-stores/dlc-store.xml</file>
    </artifact>
</artifacts>
