<?xml version="1.0" encoding="UTF-8"?>
<sequence name="message-router-sequence" trace="disable" xmlns="http://ws.apache.org/ns/synapse">
    <switch source="//m0:getQuote/m0:request/m0:symbol" xmlns:m0="http://services.samples">
        <case regex="foo">
            <send>
                <endpoint>
                    <address uri="http://localhost:9000/services/SimpleStockQuoteService?wsdl"/>
                </endpoint>
            </send>
        </case>
        <case regex="bar">
            <send>
                <endpoint>
                    <address uri="http://localhost:9001/services/SimpleStockQuoteService?wsdl"/>
                </endpoint>
            </send>
        </case>
        <default>
            <property expression="fn:concat('Normal Stock - ', //m0:getQuote/m0:request/m0:symbol)" name="symbol" scope="default" type="STRING"/>
        </default>
    </switch>
</sequence>
