<?xml version="1.0" encoding="UTF-8"?>
<messageStore class="org.apache.synapse.message.store.impl.rabbitmq.RabbitMQStore" name="PaymentRequestMessageStore" xmlns="http://ws.apache.org/ns/synapse">
    <parameter name="store.rabbitmq.host.name">localhost</parameter>
    <parameter name="store.producer.guaranteed.delivery.enable">false</parameter>
    <parameter name="store.rabbitmq.host.port">5672</parameter>
    <parameter name="store.rabbitmq.route.key">key</parameter>
    <parameter name="store.rabbitmq.username">guest</parameter>
    <parameter name="store.rabbitmq.virtual.host"/>
    <parameter name="rabbitmq.connection.ssl.enabled">false</parameter>
    <parameter name="store.rabbitmq.exchange.name">exchange</parameter>
    <parameter name="store.rabbitmq.queue.name">PaymentRequestJMSMessageStore</parameter>
    <parameter name="store.rabbitmq.password">guest</parameter>
</messageStore>
