<?xml version="1.0" encoding="UTF-8"?><artifacts>
    <artifact name="StockQuoteProxy" groupId="com.example.Message-Broker.proxy-service" version="1.0.0" type="synapse/proxy-service" serverRole="EnterpriseServiceBus">
        <file>src/main/synapse-config/proxy-services/StockQuoteProxy.xml</file>
    </artifact>
    <artifact name="StockQuoteProxyConsumer" groupId="com.example.Message-Broker.proxy-service" version="1.0.0" type="synapse/proxy-service" serverRole="EnterpriseServiceBus">
        <file>src/main/synapse-config/proxy-services/StockQuoteProxyConsumer.xml</file>
    </artifact>
</artifacts>
