<?xml version="1.0" encoding="UTF-8"?>
<!--

  ~  Copyright (c) 2018, WSO2 Inc. (http://wso2.com) All Rights Reserved.
  ~
  ~  WSO2 Inc. licenses this file to you under the Apache License,
  ~  Version 2.0 (the "License"); you may not use this file except
  ~  in compliance with the License.
  ~  You may obtain a copy of the License at
  ~
  ~    http://www.apache.org/licenses/LICENSE-2.0
  ~
  ~  Unless required by applicable law or agreed to in writing,
  ~  software distributed under the License is distributed on an
  ~  "AS IS" BASIS, WITHOUT WARRANTIES OR CONDITIONS OF ANY
  ~  KIND, either express or implied.  See the License for the
  ~  specific language governing permissions and limitations
  ~  under the License.

-->
<patterns xmlns="patterns.xsd" xmlns:xsi="http://www.w3.org/2001/XMLSchema-instance"
            xsi:schemaLocation="patterns.xsd">

    <pattern key="pattern1">
        <detectPattern>(.)*${userstoreDomain}(/{0}|/{1})${username}@${tenantDomain}(.)*</detectPattern>
        <replacePattern>${username}@${tenantDomain}</replacePattern>
    </pattern>

    <pattern key="pattern2">
        <detectPattern>(.)*${userstoreDomain}(/{0}|/{1})${username}(\s)*\[${tenantId}\](.)*</detectPattern>
        <replacePattern>${username}</replacePattern>
    </pattern>

    <pattern key="pattern3">
        <detectPattern>(.)*${userstoreDomain}(/{0}|/{1})${username}(.)*${tenantDomain}(.)*</detectPattern>
        <replacePattern>${username}@${tenantDomain}</replacePattern>
    </pattern>

    <pattern key="pattern4">
        <detectPattern>
            (.)*(AuthenticatedUser|LoggedOutUser)(.)*${userstoreDomain}(/{0}|/{1})${username}(.)*(AuthenticatedUserTenantDomain|LoggedOutUserTenantDomain)(.)*${tenantDomain}(.)*
        </detectPattern>
        <replacePattern>${username}</replacePattern>
    </pattern>

    <pattern key="pattern5">
        <detectPattern>(.)*user(\s)*:(.)*${userstoreDomain}(/{0}|/{1})${username}(.)*in(\s)tenant(\s)*:(.)*${tenantDomain}(.)*</detectPattern>
        <replacePattern>${username}</replacePattern>
    </pattern>

    <pattern key="pattern6">
        <detectPattern>(.)*(CarbonAuthenticationUtil)(.)*${username}@${tenantDomain}(.)*</detectPattern>
        <replacePattern>${username}</replacePattern>
    </pattern>
    
    <pattern key="pattern7">
        <detectPattern>(.)*PRIMARY/${username}@${tenantDomain}(.)*</detectPattern>
        <replacePattern>${username}@${tenantDomain}</replacePattern>
    </pattern>

</patterns>
