<?xml version="1.0" encoding="UTF-8"?><artifacts>
    <artifact name="RoutingSlipProxy" groupId="com.example.Routing-Slip.proxy-service" version="1.0.0" type="synapse/proxy-service" serverRole="EnterpriseServiceBus">
        <file>src/main/synapse-config/proxy-services/RoutingSlipProxy.xml</file>
    </artifact>
    <artifact name="send_seq" groupId="com.example.Routing-Slip.sequence" version="1.0.0" type="synapse/sequence" serverRole="EnterpriseServiceBus">
        <file>src/main/synapse-config/sequences/send_seq.xml</file>
    </artifact>
    <artifact name="process_c" groupId="com.example.Routing-Slip.sequence" version="1.0.0" type="synapse/sequence" serverRole="EnterpriseServiceBus">
        <file>src/main/synapse-config/sequences/process_c.xml</file>
    </artifact>
    <artifact name="process_b" groupId="com.example.Routing-Slip.sequence" version="1.0.0" type="synapse/sequence" serverRole="EnterpriseServiceBus">
        <file>src/main/synapse-config/sequences/process_b.xml</file>
    </artifact>
    <artifact name="process_a" groupId="com.example.Routing-Slip.sequence" version="1.0.0" type="synapse/sequence" serverRole="EnterpriseServiceBus">
        <file>src/main/synapse-config/sequences/process_a.xml</file>
    </artifact>
</artifacts>
