<?xml version="1.0" encoding="UTF-8"?><artifacts>
    <artifact name="GuaranteedDeliveryProxy" groupId="com.example.Guaranteed-Delivery.proxy-service" version="1.0.0" type="synapse/proxy-service" serverRole="EnterpriseServiceBus">
        <file>src/main/synapse-config/proxy-services/GuaranteedDeliveryProxy.xml</file>
    </artifact>
    <artifact name="GuaranteedDeliverySequence" groupId="com.example.Guaranteed-Delivery.sequence" version="1.0.0" type="synapse/sequence" serverRole="EnterpriseServiceBus">
        <file>src/main/synapse-config/sequences/GuaranteedDeliverySequence.xml</file>
    </artifact>
    <artifact name="SimpleStockQuoteEndPoint" groupId="com.example.Guaranteed-Delivery.endpoint" version="1.0.0" type="synapse/endpoint" serverRole="EnterpriseServiceBus">
        <file>src/main/synapse-config/endpoints/SimpleStockQuoteEndPoint.xml</file>
    </artifact>
    <artifact name="replySequence" groupId="com.example.Guaranteed-Delivery.sequence" version="1.0.0" type="synapse/sequence" serverRole="EnterpriseServiceBus">
        <file>src/main/synapse-config/sequences/replySequence.xml</file>
    </artifact>
    <artifact name="GuaranteedMessageStore" groupId="com.example.Guaranteed-Delivery.message-store" version="1.0.0" type="synapse/message-store" serverRole="EnterpriseServiceBus">
        <file>src/main/synapse-config/message-stores/GuaranteedMessageStore.xml</file>
    </artifact>
    <artifact name="GuaranteedProcessor" groupId="com.example.Guaranteed-Delivery.message-processors" version="1.0.0" type="synapse/message-processors" serverRole="EnterpriseServiceBus">
        <file>src/main/synapse-config/message-processors/GuaranteedProcessor.xml</file>
    </artifact>
</artifacts>
