<?xml version="1.0" encoding="UTF-8"?>
<sequence name="PaymentRequestProcessingSequence" trace="disable" xmlns="http://ws.apache.org/ns/synapse">
    <property description="Get Email Id" expression="json-eval($.patient.email)" name="email_id" scope="default" type="STRING"/>
    <call>
        <endpoint key="SettlePaymentEP"/>
    </call>
    <log description="" level="full"/>
    <property description="Get Payment Response" expression="json-eval($.)" name="payment_response" scope="default" type="STRING"/>
    <gmail.init>
        <userId>praneesha@wso2.com</userId>
        <accessToken>ya29.Gls8BFeAnIM_5NS2zTUmnlmbm4p5l1dRbejiIjEUWmQ7hqOGiMRv_c8pi7N8WpvTB7Tade1psV2KT0nEJxOaWfSvpmVb2dapiULtX2BV4irYPIHFhoheyZfBdPHI</accessToken>
        <apiUrl>https://www.googleapis.com/gmail</apiUrl>
        <clientId>479848576784-9bl6uis0bgc0m4adaeit71n576i06lsf.apps.googleusercontent.com</clientId>
        <clientSecret>6hCiZMWJ06OB_ZleRB14xVcA</clientSecret>
        <refreshToken>1/mRJWKQ_MViPk1P3f521G0FmT1BCHv6wYDc1ccgM6Szc</refreshToken>
    </gmail.init>
    <gmail.sendMail>
        <to>{$ctx:email_id}</to>
        <subject>Payment Status</subject>
        <messageBody>{$ctx:payment_response}</messageBody>
    </gmail.sendMail>
    <drop/>
</sequence>
