<?xml version="1.0" encoding="UTF-8"?><artifacts>
    <artifact name="PipesAndFilters" groupId="com.example.Pipes-and-Filters.sequence" version="1.0.0" type="synapse/sequence" serverRole="EnterpriseServiceBus">
        <file>src/main/synapse-config/sequences/PipesAndFilters.xml</file>
    </artifact>
    <artifact name="pipes-and-filters-proxy" groupId="com.example.Pipes-and-Filters.proxy-service" version="1.0.0" type="synapse/proxy-service" serverRole="EnterpriseServiceBus">
        <file>src/main/synapse-config/proxy-services/pipes-and-filters-proxy.xml</file>
    </artifact>
</artifacts>
