<?xml version="1.0" encoding="UTF-8"?><artifacts>
    <artifact name="MessageExpirationProxy" groupId="com.example.Message-Expiration.proxy-service" version="1.0.0" type="synapse/proxy-service" serverRole="EnterpriseServiceBus">
        <file>src/main/synapse-config/proxy-services/MessageExpirationProxy.xml</file>
    </artifact>
    <artifact name="LogAndDropMessageFault" groupId="com.example.Message-Expiration.sequence" version="1.0.0" type="synapse/sequence" serverRole="EnterpriseServiceBus">
        <file>src/main/synapse-config/sequences/LogAndDropMessageFault.xml</file>
    </artifact>
</artifacts>
