<?xml version="1.0" encoding="UTF-8"?><artifacts>
    <artifact name="MessageRoute" groupId="com.example.Message-Router.sequence" version="1.0.0" type="synapse/sequence" serverRole="EnterpriseServiceBus">
        <file>src/main/synapse-config/sequences/MessageRoute.xml</file>
    </artifact>
    <artifact name="message-router-proxy" groupId="com.example.Message-Router.proxy-service" version="1.0.0" type="synapse/proxy-service" serverRole="EnterpriseServiceBus">
        <file>src/main/synapse-config/proxy-services/message-router-proxy.xml</file>
    </artifact>
</artifacts>
