<?xml version="1.0" encoding="UTF-8"?>
<api context="/healthcare" name="HealthcareAPI" xmlns="http://ws.apache.org/ns/synapse">
    <resource methods="GET" uri-template="/querydoctor/{category}">
        <inSequence>
            <log description="Request Log" level="custom">
                <property name="message" value="&quot;Welcome to HealthcareService&quot;"/>
            </log>
            <send>
                <endpoint key="QueryDoctorEP"/>
            </send>
        </inSequence>
        <outSequence>
            <send/>
        </outSequence>
        <faultSequence/>
    </resource>
</api>
