<?xml version="1.0" encoding="UTF-8"?><artifacts>
    <artifact name="message-channel-proxy" groupId="com.example.Message-Channel.proxy-service" version="1.0.0" type="synapse/proxy-service" serverRole="EnterpriseServiceBus">
        <file>src/main/synapse-config/proxy-services/message-channel-proxy.xml</file>
    </artifact>
    <artifact name="message-channel-sequence" groupId="com.example.Message-Channel.sequence" version="1.0.0" type="synapse/sequence" serverRole="EnterpriseServiceBus">
        <file>src/main/synapse-config/sequences/message-channel-sequence.xml</file>
    </artifact>
</artifacts>
