<?xml version="1.0" encoding="UTF-8"?>
<sequence name="PaymentRequestProcessingSequence" trace="disable" xmlns="http://ws.apache.org/ns/synapse">
    <property description="Get Email ID" expression="json-eval($.patient.email)" name="email_id" scope="default" type="STRING"/>
    <call>
        <endpoint key="SettlePaymentEP"/>
    </call>
    <log description="" level="full"/>
    <property description="Get Payment Response" expression="json-eval($.)" name="payment_response" scope="default" type="STRING"/>
    <gmail.init>
        <userId>wso2eidemo@gmail.com</userId>
        <accessToken>ya29.GlsHBgnlpgvOQSvPRFFdcQf5tSf5q_Y5fgjIHP8fXU1o_wMIXxqr7ODJ7bae-uZvnSR7jVo4UTUqMd1JdgUKJ09X54pZ3nnNPk1ad4dX9ElyCTmnU60odR4vxj7x</accessToken>
        <apiUrl>https://www.googleapis.com/gmail</apiUrl>
        <clientId>1082612450559-qilgjdg4cvs0rj528qb71uaej2h3dm71.apps.googleusercontent.com</clientId>
        <clientSecret>shRNkKlGx98_OTssh3LpYlOb</clientSecret>
        <refreshToken>1/TYgcACWPSaWr6xM0YwYn9GtPWsFdhMk2HJGbvUK6L9s</refreshToken>
    </gmail.init>
    <gmail.sendMail>
        <to>{$ctx:email_id}</to>
        <subject>Payment Status</subject>
        <messageBody>{$ctx:payment_response}</messageBody>
    </gmail.sendMail>
    <drop/>
</sequence>
