<?xml version="1.0" encoding="UTF-8"?><artifacts>
    <artifact name="StockQuoteReceiver" groupId="com.example.Datatype-Channel.endpoint" version="1.0.0" type="synapse/endpoint" serverRole="EnterpriseServiceBus">
        <file>src/main/synapse-config/endpoints/StockQuoteReceiver.xml</file>
    </artifact>
    <artifact name="MarketActivity" groupId="com.example.Datatype-Channel.sequence" version="1.0.0" type="synapse/sequence" serverRole="EnterpriseServiceBus">
        <file>src/main/synapse-config/sequences/MarketActivity.xml</file>
    </artifact>
    <artifact name="FullQuote" groupId="com.example.Datatype-Channel.sequence" version="1.0.0" type="synapse/sequence" serverRole="EnterpriseServiceBus">
        <file>src/main/synapse-config/sequences/FullQuote.xml</file>
    </artifact>
    <artifact name="StockQuote" groupId="com.example.Datatype-Channel.sequence" version="1.0.0" type="synapse/sequence" serverRole="EnterpriseServiceBus">
        <file>src/main/synapse-config/sequences/StockQuote.xml</file>
    </artifact>
    <artifact name="datatype-channel-proxy" groupId="com.example.Datatype-Channel.proxy-service" version="1.0.0" type="synapse/proxy-service" serverRole="EnterpriseServiceBus">
        <file>src/main/synapse-config/proxy-services/datatype-channel-proxy.xml</file>
    </artifact>
</artifacts>
