<?xml version="1.0" encoding="UTF-8"?><artifacts>
    <artifact name="ConfigA" groupId="com.example.Dynamic-Router.local-entry" version="1.0.0" type="synapse/local-entry" serverRole="EnterpriseServiceBus">
        <file>src/main/synapse-config/local-entries/ConfigA.xml</file>
    </artifact>
    <artifact name="ConfigC" groupId="com.example.Dynamic-Router.local-entry" version="1.0.0" type="synapse/local-entry" serverRole="EnterpriseServiceBus">
        <file>src/main/synapse-config/local-entries/ConfigC.xml</file>
    </artifact>
    <artifact name="ConfigB" groupId="com.example.Dynamic-Router.local-entry" version="1.0.0" type="synapse/local-entry" serverRole="EnterpriseServiceBus">
        <file>src/main/synapse-config/local-entries/ConfigB.xml</file>
    </artifact>
    <artifact name="DynamicRouterProxy" groupId="com.example.Dynamic-Router.proxy-service" version="1.0.0" type="synapse/proxy-service" serverRole="EnterpriseServiceBus">
        <file>src/main/synapse-config/proxy-services/DynamicRouterProxy.xml</file>
    </artifact>
</artifacts>
