<?xml version="1.0" encoding="UTF-8"?>
<api context="/stockquote" name="message-channel-api" xmlns="http://ws.apache.org/ns/synapse">
    <resource methods="GET" uri-template="/{symbol}">
        <inSequence>
            <sequence key="message-channel-sequence"/>
        </inSequence>
        <outSequence>
            <log level="custom">
                <property name="sending response to" value="client"/>
            </log>
            <respond/>
        </outSequence>
        <faultSequence/>
    </resource>
</api>
